c0f649b63a4f9070e25bff20ab43936c41cd9936,1636593999,49699333+dependabot[bot]@users.noreply.github.com
5f11f1aa1e296e3eeeba16191b49c7080a1bb91a,1630373595,49699333+dependabot[bot]@users.noreply.github.com
5d1405dba56043cbe02e11fff388f822ff0127f4,1621930690,49699333+dependabot[bot]@users.noreply.github.com
db0796dfd35974c74d7d9c261988c538e2585ea5,1605086242,49699333+dependabot[bot]@users.noreply.github.com
8daf2ac4c5d3e3bd7234a9197913a036bed036fa,1604905383,fengh16@163.com
30de5ae0de1c34358166abe9791fc7746825e3c1,1585471359,crownpku@gmail.com
152939654dd8d14ae613ff3fb6f26c1e99297472,1576727764,crownpku@gmail.com
4f7b856eecd0c5a3fa40a5e10621ad6b8bb1b54c,1576209846,crownpku@gmail.com
c9adb9a7f348439e5ff023d5fd0e228979c5680d,1576206358,weiyangbin0812@126.com
33e805ee09e01e97a069f05cb9692eccbb38ba28,1554874455,crownpku@gmail.com
3dd2039c41b982f6f0c29f7a1812bee2d6a05906,1554874423,crownpku@gmail.com
78329ad6a319540d896716bc10162e11735cbb94,1554869856,1625897865@qq.com
57433d572ef13d769b7b6376d58f6964a5837864,1539937727,guoyuqi0554@aliyun.com
976a528cb22565ce3b72a4a2b2837a412af4881b,1532400149,crownpku@gmail.com
6a9e30013e63d8849c5218f6c1425e73d7b9f787,1532397361,heygotcha@163.com
73ce0b35b7d9eef3a6169393b1b89abe35206c95,1521709326,crownpku@gmail.com
9d6fcfb3083d48b76d5b14248184acf80210c471,1517053605,crownpku@gmail.com
1ce4b442e12e5985db4a02fdec5ac11b7400a104,1513564702,crownpku@gmail.com
ce5fbe105808fe24beb9d443f6540cfe25f938f6,1512373781,crownpku@gmail.com
3b841b60e14aa1294f5d8471e7ceafaa931a57e1,1511925570,crownpku@gmail.com
1aca2150ece59f1796c91cf575c1274bf7316d1a,1510623332,crownpku@gmail.com
78e52e93bd4d759cd8f818e34e3193d4cdf6a285,1509085991,crownpku@gmail.com
311f94ade46fd4860016f65e4022cbcb7b55de2f,1509085089,crownpku@gmail.com
ab8ff271cd35f83759286dcfcb37c94435911791,1508595275,crownpku@gmail.com
bc4006ac939d74b209fa8ff74290b3c6efd24273,1505980243,crownpku@gmail.com
9e3eb569ca8c170ceead5b01120d9e756e6fd7c9,1505825127,crownpku@gmail.com
a161313c9cb110bde5a3fda30bd40d090f621f23,1505824494,crownpku@gmail.com
471237065bdb608d5b99fb6a26f38e449b8a7465,1504840134,crownpku@gmail.com
23763312b4a99a145a2e92d7f725829735496dcf,1504012937,crownpku@gmail.com
34413d345ee432a6e98faa993810ffecadf1a34c,1503974360,crownpku@gmail.com
f3c4d8ece19b5af74aa4b27b85a51f79d8a3dfc0,1503973654,crownpku@gmail.com
a845ea14b9328f08be34797e0beee75dda946d5b,1503713500,crownpku@gmail.com
839b46b36a232eeba9cdc537eab9ae8c180f70ae,1503643423,crownpku@gmail.com
afdbe8a5d28f96968b13dd283515ab1f1a36a027,1503643375,crownpku@gmail.com
899d64d4858b8d6da006dd33fc9e502e0c0fc74d,1503643293,crownpku@gmail.com
3b8978bdbc35d3ee6477cb32f18e0349c70ee0cd,1503628803,crownpku@gmail.com
9d0ea23684c8a1c6a63dd2093ac57273d3378826,1503628727,crownpku@gmail.com
e315011e8cc51f4e3b5ca72e51f21a0afec3650b,1503628441,crownpku@gmail.com
58cd556d85c57baefe6a1fad5c98587c037f682e,1503579873,crownpku@gmail.com
701c7c0c7db0cc8939ec74b961c1e532feb31868,1503579394,crownpku@gmail.com
ac28bd0bc5e12516b39392fe0858b373694207a1,1503578861,crownpku@gmail.com
b968bec4cced528e1dfccc9b0d0825ee23b69c23,1503564592,crownpku@gmail.com
95e39fec002156b5575e4bb95480990fe0fcca78,1503552310,crownpku@gmail.com
e3faab72add0c27397b4e79268c091c6a7630095,1503497770,crownpku@gmail.com
863a1e9c44eb29eecfa5d3b11d6e0009fed30d49,1503301741,crownpku@gmail.com
c448280a0c3238929c43eca0eeabf9d1feea2618,1503115202,crownpku@gmail.com
5a9d248778717f3eb60dbf6aa5f6f753da18616a,1503114676,crownpku@gmail.com
707f63e2410c55454efd84b6643d10dfd464601b,1503114537,crownpku@gmail.com
c183b1c8b20998c33fd83836bddadfc1002472da,1503112590,crownpku@gmail.com
1b90764c2ea3f7f7e072aa356b62b5e58de947f0,1503111887,crownpku@gmail.com
a265ad6469a04ad310076836f726e72c575e5305,1503111668,crownpku@gmail.com
2502977210dc23ffd733e5e0cbfe54137dbdfe27,1503061898,crownpku@gmail.com
728f55d75fc48f979206dde6beb976e26c81b65b,1503050655,crownpku@gmail.com
fc0ba7602f2d51f72ab98c16f500d3ba46c7a3e6,1503050414,crownpku@gmail.com
5039a6a872c2c0aa2a9c742bb76f43997dd0a824,1503049535,crownpku@gmail.com
95fc484cee6913370735291be4e657241d818675,1503048734,crownpku@gmail.com
b57a9f0f540621471c1bae166185f3c8266b0975,1502948271,crownpku@gmail.com
750f06dfe2a4d1595fdf0b24f0ce8df4c3a592a4,1502948046,crownpku@gmail.com
6df3073517ad6fea3165eee827ce4d1e6fdf9def,1502770840,crownpku@gmail.com
77fc410ccb556bdb6ba7bd15624ec259e8a9b3a4,1502762196,crownpku@gmail.com
6027ae3605819c0f2300ce12bb6cc67f1636e82d,1502762009,crownpku@gmail.com
57a3bd99af8bf40a87a5b92ba5cf6ff0c9e8c1fb,1502698010,crownpku@gmail.com
03dbf4c60b253bcbb3d90ee722ae31c1103c2273,1502425286,crownpku@gmail.com
eb6bcd1eaa75b1c706692e26f60bd90b314a7583,1502425241,crownpku@gmail.com
4cdc15477ba5747369d1919a829baa924525fd08,1502425126,crownpku@gmail.com
f574eb21c0c5805c8c42ca85b5b7db3c428eaea2,1502422812,crownpku@gmail.com
f03ba086f0157018119b1c4c488d57a9070a4bf1,1502347051,crownpku@gmail.com
9a12ed8658250bcbb51d295d5ee6a8987f761963,1502272686,crownpku@gmail.com
3e8a206d7ed6144de6834f93ec9412b4e71d6e9b,1502272559,crownpku@gmail.com
3c6ed61d397aec51f7924ee2838d924b0f030a19,1502272498,crownpku@gmail.com
c9aa7815373fc3579019b5a11eeccb8161c06c5c,1502272451,crownpku@gmail.com
8238b5d8279d14fcc6c9132476e6632496ddc5f2,1502272352,crownpku@gmail.com
