786fbae06a6fd5df419e1961cd32e32fbe8b396d,1601285839,yanahasson@gmail.com
6a7d5c5ff2b9255ef4d20c6789d1b612aa305e87,1555668592,albanie@robots.ox.ac.uk
10f0068a8f7c02d64542d420ee1c58f94175cde9,1555667721,albanie@robots.ox.ac.uk
cde31541d086e5298c175bbe24cc0893160d36e2,1555667405,albanie@robots.ox.ac.uk
51240948f9ae92808c390e7217041d6fd89414e9,1547111954,yanahasson@gmail.com
eea2b919d81a3c6582976f9f68bf1f460887eee8,1547073263,ark.sadhu2904@gmail.com
a4b815fb95d311bbf01734f4d1d3610f7f39cde1,1519222699,yanahasson@gmail.com
d5342670906b53e3fa3fa388df663b515de175ab,1519222428,yana.hasson@inria.fr
2d2880530a1d751a99c9c3eeb40ba5ae6832c47a,1517303201,yana.hasson@inria.fr
4dacaa02781fd9e4d1622c82ac8a7033e061d961,1517302686,yanahasson@gmail.com
bdbdc77370215d23b7f0b626ecda462f476a9036,1517221670,rimchang112@naver.com
c2b54db2368e136abe414d24aacd508c37b333a9,1515059744,yana.hasson@inria.fr
298cc14092f024aaecd54c0b08658ed3f680f011,1515057245,yana.hasson@inria.fr
17d3fc421dd83c1fd466db89e036b827884f1750,1514994990,yana.hasson@inria.fr
9c39336f1999b9d2979324547dd291956fb51ebd,1514994899,yana.hasson@inria.fr
abf6f56a21359066c3a468830b0abd95b917c0fb,1513606666,yana.hasson@inria.fr
0e4a236c9d8b74bfcbb316610bbae0e19faa5483,1512740867,yana.hasson@inria.fr
4f190b189a937d24203ece08670e2248aae50e4d,1512740000,yana.hasson@inria.fr
28d141c0a67ccc3ee04ba9e4153f96a752fa48bc,1512730373,yana.hasson@inria.fr
49355d9ac99e3bd9b1fdf3905b5d157a674bc5e3,1512569793,yana.hasson@inria.fr
c0e9b875635ea2d01e4ed25dc6befc2410055be1,1512569770,yana.hasson@inria.fr
93434ce8ce1fcc325f9fff40cded3c036a6eab6f,1512566679,yanahasson@gmail.com
e716d5e510551dcbabce405cb083c57658fff458,1512566657,yanahasson@gmail.com
326f85101bc30e63c432637c28bfa5fad5b9f531,1511875696,yana.hasson@inria.fr
e27c4e769c040d04a304d403aebade835cd48d31,1511802779,yana.hasson@inria.fr
3ea7543f83740eb2b657aa74545b1f42cdfd3429,1511801732,yana.hasson@inria.fr
602507a8c14f270d6237c00e46f182ed710de9f2,1511798828,yana.hasson@inria.fr
9171f92a54c620b097ffc0306d34a6c7e49c93b7,1511795533,yana.hasson@inria.fr
7eab0a70067fefaf67725a62e98881e30bd05dd4,1511793869,yana.hasson@inria.fr
f0a0fc7598a48368880ec0cb0451d7abc7fc5e21,1511792411,yana.hasson@inria.fr
4d0c1c74631c74fc566b0d26f5798a60248e5b72,1511791204,yana.hasson@inria.fr
c4142ed57311b0daa471c268a3fb5828ac512312,1511791003,yanahasson@gmail.com
22afb5ccdd3c25909cde64ab899b79f0a198030e,1511790914,yana.hasson@inria.fr
e275cd48b572a9f4442bcea8e6f17839e3fb5cde,1511790837,yana.hasson@inria.fr
30d88e6c927b1ffda01e0ff2da35b8f6bc99b157,1511790779,yana.hasson@inria.fr
ec71e6630ca1190052c333f14275118175ce4874,1511789284,yana.hasson@inria.fr
90d855c47bfb45640bd58badf5b8f9971fb502ee,1511788643,yana.hasson@inria.fr
ff60315054b7fb278d0c0f9f1f0e571251daf299,1511787864,yana.hasson@inria.fr
3288b719745fdd9e7825e54e88eed313ed8b753b,1511787116,yana.hasson@inria.fr
977c6e63399f0dd9f8ba54c2d050d55f7e2f10f7,1511777875,yana.hasson@inria.fr
1a8f5ed9ba2c18a9e613de11eb7d6037b3d8158e,1511777376,yana.hasson@inria.fr
981d3cf7b0257d1a6b8c09db70768c5d65070cf0,1511777343,yana.hasson@inria.fr
cbcf839a3c349977bc42a58bdea8005e821e313d,1511632849,yana.hasson@inria.fr
3298d7d981a19bdf12ee294248228aaf26cdf562,1511632094,yana.hasson@inria.fr
0946468dced3a133b43e3141e1b7c35b55b9928a,1511631886,yana.hasson@inria.fr
f1fffee09186faf280990d16f9da95d406c21431,1511631850,yana.hasson@inria.fr
ed6dd294cb398ec44b018640bc73b297dfbd9e21,1511628615,yana.hasson@inria.fr
bf9d59450104d6096eed078df5ed1368fc04081a,1511628592,yana.hasson@inria.fr
e1c7c1a5fd65d7a73b61e87f2a25affb2c6a1476,1511628569,yana.hasson@inria.fr
e2c125a2dce0fcba6cf5dbdca7ad2c65b9dd5ebf,1511626707,yana.hasson@inria.fr
f8715d27e2efdb0800d1265eb1383f0a99296732,1511622219,yana.hasson@inria.fr
6f05f8f24ba915a226df970116ba44388357e303,1511540199,yana.hasson@inria.fr
4048025ca829391fa03642ad3744d7dcb5405dc4,1511535184,yana.hasson@inria.fr
e9ac83d6617b1c4483fa7fbd4750ceb448304d3c,1511534194,yana.hasson@inria.fr
a4de5efc3cb2ce2d97e94a9aaf4d45e692c20df3,1511530518,yana.hasson@inria.fr
1f3da600c20e3376b0bb396bba482b1e90b7883c,1511530145,yana.hasson@inria.fr
c1b7bf744cdf719193041c1f42ba5648a6369274,1511452811,yana.hasson@inria.fr
04f4640aa5c71f2363e55a57473f010ed06dc849,1511452701,yana.hasson@inria.fr
96d6825966f3bd4c8aba85d2748751625e975a96,1511449776,yana.hasson@inria.fr
bff9d2941462c29b5b220c593c927802ef309e40,1511449613,yana.hasson@inria.fr
cdb233be698300fa53dfb7db471ce1dea3a8f2dd,1511449579,yana.hasson@inria.fr
3d44434f61db8c735891a1221dacc9f5feab807e,1503558524,yanahasson@gmail.com
26dd4e31ccafbb707fd062cc63706be6ecec9e64,1503345385,yanahasson@gmail.com
6bc545fc1087e96226eef8db28b8e62e71555bbe,1503337157,yanahasson@gmail.com
e38e95e83f8d4831fb70f041334823957bc5fe95,1503320366,yanahasson@gmail.com
b14014b68ae9f9d03dfa1d5c9b4d1bfa15ef0f8b,1503306756,yanahasson@gmail.com
3bf0e3a10a9b035579a69aeca89b97b82d56bd5c,1503303932,yanahasson@gmail.com
8bd0015e7b059aab774f4b0b23b1a93b06f98aa1,1503303281,yanahasson@gmail.com
4d955d6ee0aeee70f20339d2a02a3bfb440c097f,1503251934,yanahasson@gmail.com
